<application>
  <component name="GraziConfig">
    <option name="userDisabledRules">
      <set>
        <option value="PASSIVE_VOICE" />
      </set>
    </option>
    <option name="suppressingContext">
      <SuppressingContext>
        <option name="suppressed">
          <set>
            <option value="component that does" />
            <option value="component is focused" />
            <option value="Images are generated" />
          </set>
        </option>
      </SuppressingContext>
    </option>
  </component>
</application>